ZAWODNIK,KLUB,POZYCJA,MECZE w ESA,GOLE w ESA,gole/mecz,MECZE w KLUBIE,GOLE w KLUBIE,gole/mecz w klubie
Lukas Hrosso,Cracovia,Bramkarz,51,0,"0,000",39,0,"0,000"
Sebastian Madejski,Cracovia,Bramkarz,27,0,"0,000",27,0,"0,000"
Adam Wilk,Cracovia,Bramkarz,11,0,"0,000",11,0,"0,000"
Eneo Bitri,Cracovia,Obrońca,10,1,"0,100",10,1,"0,100"
Virgil Ghita,Cracovia,Obrońca,73,7,"0,096",73,7,"0,096"
Kamil Glik,Cracovia,Obrońca,67,4,"0,060",13,2,"0,154"
Arttu Hoskonen,Cracovia,Obrońca,37,2,"0,054",37,2,"0,054"
David Jablonsky,Cracovia,Obrońca,52,3,"0,058",52,3,"0,058"
Paweł Jaroszyński,Cracovia,Obrońca,103,4,"0,039",103,4,"0,039"
Jakub Jugas,Cracovia,Obrońca,57,1,"0,018",57,1,"0,018"
Otar Kakabadze,Cracovia,Obrońca,69,6,"0,087",69,6,"0,087"
David Kristjan Olafsson,Cracovia,Obrońca,10,1,"0,100",10,1,"0,100"
Cornel Rapa,Cracovia,Obrońca,234,9,"0,038",179,8,"0,045"
Andreas Skovgaard,Cracovia,Obrońca,24,0,"0,000",24,0,"0,000"
Jani Atanasov,Cracovia,Pomocnik,47,6,"0,128",47,6,"0,128"
Mateusz Bochnak,Cracovia,Pomocnik,40,2,"0,050",40,2,"0,050"
Fabian Bzdyl,Cracovia,Pomocnik,1,0,"0,000",1,0,"0,000"
Mathias Hebo Rasmussen,Cracovia,Pomocnik,40,3,"0,075",40,3,"0,075"
Karol Knap,Cracovia,Pomocnik,82,6,"0,073",82,6,"0,073"
Bartłomiej Kolec,Cracovia,Pomocnik,2,0,"0,000",2,0,"0,000"
Mikkel Maigaard,Cracovia,Pomocnik,14,0,"0,000",14,0,"0,000"
Kamil Ogorzały,Cracovia,Pomocnik,11,0,"0,000",11,0,"0,000"
Takuto Oshima,Cracovia,Pomocnik,60,1,"0,017",60,1,"0,017"
Michał Rakoczy,Cracovia,Pomocnik,96,17,"0,177",96,17,"0,177"
Filip Rózga,Cracovia,Pomocnik,13,0,"0,000",13,0,"0,000"
Patryk Sokołowski,Cracovia,Pomocnik,142,10,"0,070",14,0,"0,000"
Benjamin Kallman,Cracovia,Napastnik,67,15,"0,224",67,15,"0,224"
Patryk Makuch,Cracovia,Napastnik,69,10,"0,145",66,10,"0,152"
Kacper Śmiglewski,Cracovia,Napastnik,15,0,"0,000",15,0,"0,000"
Daniel Bielica,Górnik Z,Bramkarz,78,0,"0,000",73,0,"0,000"
Michał Szromnik,Górnik Z,Bramkarz,50,0,"0,000",0,0,-
Rafał Janicki,Górnik Z,Obrońca,353,12,"0,034",81,4,"0,049"
Erik Janza,Górnik Z,Obrońca,151,3,"0,020",151,3,"0,020"
Kamil Lukoszek,Górnik Z,Obrońca,26,3,"0,115",26,3,"0,115"
Boris Sekulić,Górnik Z,Obrońca,72,3,"0,042",72,3,"0,042"
Michal Siplak,Górnik Z,Obrońca,139,6,"0,043",13,1,"0,077"
Dominik Szala,Górnik Z,Obrońca,10,0,"0,000",10,0,"0,000"
Kryspin Szcześniak,Górnik Z,Obrońca,64,1,"0,016",39,1,"0,026"
Kostas Triantafyllopoulos,Górnik Z,Obrońca,112,5,"0,045",10,0,"0,000"
Norbert Barczak,Górnik Z,Pomocnik,5,0,"0,000",5,0,"0,000"
Szymon Czyż,Górnik Z,Pomocnik,55,4,"0,073",23,4,"0,174"
Lawrence Ennali,Górnik Z,Pomocnik,26,5,"0,192",26,5,"0,192"
Adrian Kapralik,Górnik Z,Pomocnik,30,7,"0,233",30,7,"0,233"
Krzysztof Kolanko,Górnik Z,Pomocnik,4,0,"0,000",4,0,"0,000"
Soichiro Kozuki,Górnik Z,Pomocnik,14,1,"0,071",14,1,"0,071"
Filipe Nascimento,Górnik Z,Pomocnik,52,4,"0,077",13,1,"0,077"
Paweł Olkowski,Górnik Z,Pomocnik,137,5,"0,036",137,5,"0,036"
Dani Pacheco,Górnik Z,Pomocnik,62,4,"0,065",62,4,"0,065"
Damian Rasak,Górnik Z,Pomocnik,198,10,"0,051",45,4,"0,089"
Piotr Krawczyk,Górnik Z,Napastnik,114,15,"0,132",114,15,"0,132"
Sebastian Musiolik,Górnik Z,Napastnik,123,13,"0,106",33,4,"0,121"
Lukas Podolski,Górnik Z,Napastnik,81,18,"0,222",81,18,"0,222"
Sławomir Abramowicz,Jagiellonia,Bramkarz,3,0,"0,000",3,0,"0,000"
Zlatan Alomerović,Jagiellonia,Bramkarz,125,0,"0,000",80,0,"0,000"
Bartłomiej Żynel,Jagiellonia,Bramkarz,9,0,"0,000",0,0,-
Adrian Dieguez,Jagiellonia,Obrońca,30,0,"0,000",30,0,"0,000"
Jetmir Haliti,Jagiellonia,Obrońca,6,0,"0,000",6,0,"0,000"
Jakub Lewicki,Jagiellonia,Obrońca,39,3,"0,077",39,3,"0,077"
Bojan Nastić,Jagiellonia,Obrońca,65,1,"0,015",65,1,"0,015"
Paweł Olszewski,Jagiellonia,Obrońca,49,0,"0,000",49,0,"0,000"
Michał Ozga,Jagiellonia,Obrońca,1,0,"0,000",1,0,"0,000"
Michal Sacek,Jagiellonia,Obrońca,47,1,"0,021",47,1,"0,021"
Mateusz Skrzypczak,Jagiellonia,Obrońca,61,4,"0,066",54,4,"0,074"
Dusan Stojinović,Jagiellonia,Obrońca,26,0,"0,000",26,0,"0,000"
Bartłomiej Wdowik,Jagiellonia,Obrońca,112,12,"0,107",112,12,"0,107"
Kristoffer Hansen,Jagiellonia,Pomocnik,49,12,"0,245",26,9,"0,346"
Jesus Imaz,Jagiellonia,Pomocnik,202,81,"0,401",155,67,"0,432"
Jarosław Kubicki,Jagiellonia,Pomocnik,268,16,"0,060",27,1,"0,037"
Tomasz Kupisz,Jagiellonia,Pomocnik,133,12,"0,090",133,12,"0,090"
Wojciech Łaski,Jagiellonia,Pomocnik,21,2,"0,095",21,2,"0,095"
Dominik Marczuk,Jagiellonia,Pomocnik,34,6,"0,176",34,6,"0,176"
Jose Naranjo,Jagiellonia,Pomocnik,29,6,"0,207",29,6,"0,207"
Aurelien Nguiamba,Jagiellonia,Pomocnik,20,0,"0,000",20,0,"0,000"
Taras Romanczuk,Jagiellonia,Pomocnik,303,28,"0,092",303,28,"0,092"
Nene,Jagiellonia,Pomocnik,63,14,"0,222",63,14,"0,222"
Damian Wojdakowski,Jagiellonia,Pomocnik,1,0,"0,000",1,0,"0,000"
Kaan Caliskaner,Jagiellonia,Napastnik,14,2,"0,143",14,2,"0,143"
Afimico Pululu,Jagiellonia,Napastnik,31,12,"0,387",31,12,"0,387"
Alan Rybak,Jagiellonia,Napastnik,3,0,"0,000",3,0,"0,000"
Krzysztof Toporkiewicz,Jagiellonia,Napastnik,9,0,"0,000",9,0,"0,000"
Vinicius Matheus,Jagiellonia,Napastnik,2,0,"0,000",2,0,"0,000"
Xavier Dziekoński,Korona,Bramkarz,57,0,"0,000",29,0,"0,000"
Konrad Forenc,Korona,Bramkarz,75,0,"0,000",25,0,"0,000"
Marius Briceag,Korona,Obrońca,32,0,"0,000",32,0,"0,000"
Marcus Godinho,Korona,Obrońca,36,1,"0,028",36,1,"0,028"
Piotr Malarczyk,Korona,Obrońca,248,14,"0,056",187,11,"0,059"
Kyryło Petrow,Korona,Obrońca,48,3,"0,063",48,3,"0,063"
Miłosz Trojak,Korona,Obrońca,75,3,"0,040",63,3,"0,048"
Dominick Zator,Korona,Obrońca,51,1,"0,020",51,1,"0,020"
Dawid Błanik,Korona,Pomocnik,70,4,"0,057",56,4,"0,071"
Mateusz Czyżycki,Korona,Pomocnik,54,2,"0,037",15,1,"0,067"
Mariusz Fornalczyk,Korona,Pomocnik,61,3,"0,049",11,0,"0,000"
Petteri Forsell,Korona,Pomocnik,81,18,"0,222",18,4,"0,222"
Yoav Hofmeister,Korona,Pomocnik,29,1,"0,034",29,1,"0,034"
Jakub Konstantyn,Korona,Pomocnik,22,1,"0,045",22,1,"0,045"
Fredrik Krogstad,Korona,Pomocnik,7,0,"0,000",7,0,"0,000"
Bartosz Kwiecień,Korona,Pomocnik,115,6,"0,052",38,1,"0,026"
Jakub Łukowski,Korona,Pomocnik,85,14,"0,165",43,12,"0,279"
Nono,Korona,Pomocnik,40,4,"0,100",40,4,"0,100"
Marcel Pięczek,Korona,Pomocnik,25,0,"0,000",11,0,"0,000"
Jacek Podgórski,Korona,Pomocnik,59,1,"0,017",59,1,"0,017"
Martin Remacle,Korona,Pomocnik,32,6,"0,188",32,6,"0,188"
Miłosz Strzeboński,Korona,Pomocnik,8,0,"0,000",8,0,"0,000"
Dalibor Takac,Korona,Pomocnik,49,0,"0,000",49,0,"0,000"
Danny Trejo,Korona,Pomocnik,13,2,"0,154",13,2,"0,154"
Daniel Bąk,Korona,Napastnik,5,0,"0,000",5,0,"0,000"
Adrian Dalmau,Korona,Napastnik,29,5,-,29,5,-
Hubert Szulc,Korona,Napastnik,1,0,"0,000",1,0,"0,000"
Jewgienij Szykawka,Korona,Napastnik,64,16,"0,250",64,16,"0,250"
Filip Bednarek,Lech,Bramkarz,70,0,"0,000",70,0,"0,000"
Bartosz Mrozek,Lech,Bramkarz,67,0,"0,000",31,0,"0,000"
Elias Andersson,Lech,Obrońca,23,0,"0,000",23,0,"0,000"
Miha Blazic,Lech,Obrońca,24,1,"0,042",24,1,"0,042"
Alan Czerwiński,Lech,Obrońca,167,4,"0,024",85,2,"0,024"
Filip Dagerstal,Lech,Obrońca,27,1,"0,037",27,1,"0,037"
Barry Douglas,Lech,Obrońca,104,4,"0,038",104,4,"0,038"
Michał Gurgul,Lech,Obrońca,13,1,"0,077",13,1,"0,077"
Antonio Milić,Lech,Obrońca,84,6,"0,071",84,6,"0,071"
Joel Pereira,Lech,Obrońca,91,2,"0,022",91,2,"0,022"
Bartosz Salamon,Lech,Obrońca,63,4,"0,063",63,4,"0,063"
Adriel Ba Loua,Lech,Pomocnik,70,5,"0,071",70,5,"0,071"
Maksymilian Dziuba,Lech,Pomocnik,3,0,"0,000",3,0,"0,000"
Ali Gholizadeh,Lech,Pomocnik,10,0,"0,000",10,0,"0,000"
Dino Hotić,Lech,Pomocnik,16,0,"0,000",16,0,"0,000"
Jesper Karlstrom,Lech,Pomocnik,109,4,"0,037",109,4,"0,037"
Nika Kwekweskiri,Lech,Pomocnik,91,5,"0,055",91,5,"0,055"
Filip Marchwiński,Lech,Pomocnik,125,19,"0,152",125,19,"0,152"
Radosław Murawski,Lech,Pomocnik,207,7,"0,034",82,3,"0,037"
Afonso Sousa,Lech,Pomocnik,42,4,"0,095",42,4,"0,095"
Kristoffer Velde,Lech,Pomocnik,71,18,"0,254",71,18,"0,254"
Mikael Ishak,Lech,Napastnik,100,52,"0,520",100,52,"0,520"
Norbert Pacławski,Lech,Napastnik,2,0,"0,000",2,0,"0,000"
Artur Sobiech,Lech,Napastnik,152,37,"0,243",38,3,"0,079"
Filip Szymczak,Lech,Napastnik,66,5,"0,076",66,5,"0,076"
Dominik Hładun,Legia,Bramkarz,127,0,"0,000",18,0,"0,000"
Kacper Tobiasz,Legia,Bramkarz,54,0,"0,000",54,0,"0,000"
Rafał Augustyniak,Legia,Obrońca,93,7,"0,075",47,5,"0,106"
Marco Burch,Legia,Obrońca,7,0,"0,000",7,0,"0,000"
Artur Jędrzejczyk,Legia,Obrońca,287,9,"0,031",276,8,"0,029"
Steve Kapuadi,Legia,Obrońca,49,1,"0,020",23,1,"0,043"
Radovan Pankov,Legia,Obrońca,25,2,"0,080",25,2,"0,080"
Yuri Ribeiro,Legia,Obrońca,63,1,"0,016",63,1,"0,016"
Jan Ziółkowski,Legia,Obrońca,3,0,"0,000",3,0,"0,000"
Jurgen Celhaka,Legia,Pomocnik,41,0,"0,000",41,0,"0,000"
Gil Dias,Legia,Pomocnik,17,0,"0,000",17,0,"0,000"
Juergen Elitim,Legia,Pomocnik,33,1,"0,030",33,1,"0,030"
Josue,Legia,Pomocnik,94,23,"0,245",94,23,"0,245"
Bartosz Kapustka,Legia,Pomocnik,136,13,"0,096",76,7,"0,092"
Patryk Kun,Legia,Pomocnik,159,7,"0,044",27,1,"0,037"
Ryoya Morishita,Legia,Pomocnik,13,0,"0,000",13,0,"0,000"
Filip Rejczyk,Legia,Pomocnik,6,0,"0,000",6,0,"0,000"
Wojciech Urbański,Legia,Pomocnik,6,0,"0,000",6,0,"0,000"
Paweł Wszołek,Legia,Pomocnik,185,35,"0,189",125,26,"0,208"
Qendrim Zyba,Legia,Pomocnik,6,0,"0,000",6,0,"0,000"
Marc Gual,Legia,Napastnik,71,26,"0,366",33,8,"0,242"
Blaz Kramer,Legia,Napastnik,30,5,"0,167",30,5,"0,167"
Tomas Pekhart,Legia,Napastnik,104,49,"0,471",104,49,"0,471"
Maciej Rosołek,Legia,Napastnik,93,13,"0,140",93,13,"0,140"
Dawid Arndt,ŁKS,Bramkarz,9,0,"0,000",9,0,"0,000"
Aleksander Bobek,ŁKS,Bramkarz,27,0,"0,000",27,0,"0,000"
Michał Kołba,ŁKS,Bramkarz,7,0,"0,000",7,0,"0,000"
Mateusz Bąkowicz,ŁKS,Obrońca,1,0,"0,000",1,0,"0,000"
Kamil Dankowski,ŁKS,Obrońca,123,1,"0,008",30,0,"0,000"
Riza Durmisi,ŁKS,Obrońca,11,0,"0,000",11,0,"0,000"
Marcin Flis,ŁKS,Obrońca,114,4,"0,035",17,0,"0,000"
Piotr Głowacki,ŁKS,Obrońca,28,0,"0,000",28,0,"0,000"
Levent Gulen,ŁKS,Obrońca,45,0,"0,000",18,0,"0,000"
Oskar Koprowski,ŁKS,Obrońca,4,0,"0,000",4,0,"0,000"
Adrien Louveau,ŁKS,Obrońca,23,0,"0,000",23,0,"0,000"
Rahil Mammadov,ŁKS,Obrońca,16,0,"0,000",16,0,"0,000"
Adam Marciniak,ŁKS,Obrońca,287,10,"0,035",37,1,"0,027"
Artemijus Tutyskinas,ŁKS,Obrońca,11,1,"0,091",11,1,"0,091"
Husein Balić,ŁKS,Pomocnik,13,3,"0,231",13,3,"0,231"
Thiago Ceijas,ŁKS,Pomocnik,8,0,"0,000",8,0,"0,000"
Engjell Hoti,ŁKS,Pomocnik,30,4,"0,133",30,4,"0,133"
Aleksander Iwańczyk,ŁKS,Pomocnik,2,1,"0,500",2,1,"0,500"
Jakub Letniowski,ŁKS,Pomocnik,14,0,"0,000",14,0,"0,000"
Jan Łabędzki,ŁKS,Pomocnik,3,0,"0,000",3,0,"0,000"
Antoni Młynarczyk,ŁKS,Pomocnik,17,1,"0,059",17,1,"0,059"
Michał Mokrzycki,ŁKS,Pomocnik,33,0,"0,000",29,0,"0,000"
Dani Ramirez,ŁKS,Pomocnik,124,26,"0,210",52,15,"0,288"
Bartosz Szeliga,ŁKS,Pomocnik,147,12,"0,082",29,0,"0,000"
Maciej Śliwa,ŁKS,Pomocnik,26,2,"0,077",13,0,"0,000"
Pirulo,ŁKS,Pomocnik,54,2,"0,037",54,2,"0,037"
Yadegar Rostami,ŁKS,Pomocnik,4,0,"0,000",1,0,"0,000"
Jędrzej Zając,ŁKS,Pomocnik,6,1,"0,167",6,1,"0,167"
Piotr Janczukowicz,ŁKS,Napastnik,28,2,"0,071",28,2,"0,071"
Stipe Jurić,ŁKS,Napastnik,20,4,"0,200",20,4,"0,200"
Oliwier Sławiński,ŁKS,Napastnik,4,0,"0,000",1,0,"0,000"
Kay Tejan,ŁKS,Napastnik,30,7,"0,233",30,7,"0,233"
Frantisek Plach,Piast,Bramkarz,187,0,"0,000",187,0,"0,000"
Karol Szymański,Piast,Bramkarz,10,0,"0,000",8,0,"0,000"
Jakub Czerwiński,Piast,Obrońca,237,13,"0,055",185,11,"0,059"
Jakub Holubek,Piast,Obrońca,85,1,"0,012",85,1,"0,012"
Tomas Huk,Piast,Obrońca,87,4,"0,046",87,4,"0,046"
Piotr Liszewski,Piast,Obrońca,2,0,"0,000",2,0,"0,000"
Tomasz Mokwa,Piast,Obrońca,98,2,"0,020",98,2,"0,020"
Ariel Mosór,Piast,Obrońca,87,2,"0,023",85,2,"0,024"
Miguel Munoz,Piast,Obrońca,18,0,"0,000",18,0,"0,000"
Arkadiusz Pyrka,Piast,Obrońca,118,4,"0,034",118,4,"0,034"
Michael Ameyaw,Piast,Pomocnik,77,10,"0,130",77,10,"0,130"
Michał Chrapek,Piast,Pomocnik,300,27,"0,090",114,10,"0,088"
Patryk Dziczek,Piast,Pomocnik,117,15,"0,128",117,15,"0,128"
Jorge Felix,Piast,Pomocnik,127,32,"0,252",127,32,"0,252"
Walerian Gwilia,Piast,Pomocnik,94,9,"0,096",2,0,"0,000"
Tom Hateley,Piast,Pomocnik,214,7,"0,033",143,6,"0,042"
Filip Karbowy,Piast,Pomocnik,1,0,"0,000",1,0,"0,000"
Damian Kądzior,Piast,Pomocnik,119,21,"0,176",79,11,"0,139"
Tihomir Kostadinov,Piast,Pomocnik,23,0,"0,000",23,0,"0,000"
Serhij Krykun,Piast,Pomocnik,57,3,"0,053",25,3,"0,120"
Oskar Leśniak,Piast,Pomocnik,1,0,"0,000",1,0,"0,000"
Szczepan Mucha,Piast,Pomocnik,6,0,"0,000",6,0,"0,000"
Miłosz Szczepański,Piast,Pomocnik,92,7,"0,076",26,0,"0,000"
Grzegorz Tomasiewicz,Piast,Pomocnik,128,16,"0,125",66,5,"0,076"
Fabian Piasecki,Piast,Napastnik,137,20,"0,146",9,2,"0,222"
Piotr Urbański,Piast,Napastnik,3,0,"0,000",3,0,"0,000"
Kamil Wilczek,Piast,Napastnik,200,54,"0,270",158,52,"0,329"
Valentin Cojocaru,Pogoń,Bramkarz,27,0,"0,000",27,0,"0,000"
Bartosz Klebaniuk,Pogoń,Bramkarz,10,0,"0,000",10,0,"0,000"
Leo Borges,Pogoń,Obrońca,39,1,"0,026",39,1,"0,026"
Leonardo Koutris,Pogoń,Obrońca,49,3,"0,061",49,3,"0,061"
Wojciech Lisowski,Pogoń,Obrońca,22,0,"0,000",18,0,"0,000"
Danijel Loncar,Pogoń,Obrońca,21,1,"0,048",21,1,"0,048"
Mariusz Malec,Pogoń,Obrońca,120,1,"0,008",120,1,"0,008"
Linus Wahlqvist,Pogoń,Obrońca,44,0,"0,000",44,0,"0,000"
Benedikt Zech,Pogoń,Obrońca,138,0,"0,000",138,0,"0,000"
Wahan Biczachczjan,Pogoń,Pomocnik,78,13,"0,167",78,13,"0,167"
Joao Gamboa,Pogoń,Pomocnik,29,0,"0,000",29,0,"0,000"
Alexander Gorgon,Pogoń,Pomocnik,74,16,"0,216",74,16,"0,216"
Kamil Grosicki,Pogoń,Pomocnik,186,52,"0,280",117,37,"0,316"
Olaf Korczakowski,Pogoń,Pomocnik,6,0,"0,000",6,0,"0,000"
Rafał Kurzawa,Pogoń,Pomocnik,151,7,"0,046",75,4,"0,053"
Adrian Przyborek,Pogoń,Pomocnik,25,1,"0,040",25,1,"0,040"
Kacper Smoliński,Pogoń,Pomocnik,48,4,"0,083",48,4,"0,083"
Fredrik Ulvestad,Pogoń,Pomocnik,26,6,"0,231",26,6,"0,231"
Marcel Wędrychowski,Pogoń,Pomocnik,59,3,"0,051",41,2,"0,049"
Efthymis Koulouris,Pogoń,Napastnik,34,12,"0,353",34,12,"0,353"
Patryk Paryzek,Pogoń,Napastnik,6,1,"0,167",6,1,"0,167"
Luka Zahović,Pogoń,Napastnik,106,20,"0,189",106,20,"0,189"
Kewin Komar,Puszcza,Bramkarz,6,0,"0,000",6,0,"0,000"
Krzysztof Wróblewski,Puszcza,Bramkarz,2,0,"0,000",2,0,"0,000"
Oliwier Zych,Puszcza,Bramkarz,26,0,"0,000",26,0,"0,000"
Jakub Bartosz,Puszcza,Obrońca,90,5,"0,056",27,1,"0,037"
Artur Craciun,Puszcza,Obrońca,29,7,"0,241",29,7,"0,241"
Filip Gil,Puszcza,Obrońca,1,0,"0,000",1,0,"0,000"
Roman Jakuba,Puszcza,Obrońca,33,4,"0,121",33,4,"0,121"
Michał Koj,Puszcza,Obrońca,135,11,"0,081",19,1,"0,053"
Ioan-Calin Revenco,Puszcza,Obrońca,12,0,"0,000",12,0,"0,000"
Łukasz Sołowiej,Puszcza,Obrońca,23,6,"0,261",23,6,"0,261"
Tomasz Wojcinowicz,Puszcza,Obrońca,12,0,"0,000",12,0,"0,000"
Mateusz Cholewiak,Puszcza,Pomocnik,142,13,"0,092",19,3,"0,158"
Wojciech Hajda,Puszcza,Pomocnik,45,1,"0,022",32,1,"0,031"
Lee Jin-hyun,Puszcza,Pomocnik,13,0,"0,000",13,0,"0,000"
Piotr Mroziński,Puszcza,Pomocnik,64,2,"0,031",23,1,"0,043"
Igor Pieprzyca,Puszcza,Pomocnik,2,0,"0,000",2,0,"0,000"
Bartłomiej Poczobut,Puszcza,Pomocnik,19,1,"0,053",19,1,"0,053"
Jakub Serafin,Puszcza,Pomocnik,37,0,"0,000",29,0,"0,000"
Jakub Stec,Puszcza,Pomocnik,7,0,"0,000",7,0,"0,000"
Konrad Stępień,Puszcza,Pomocnik,27,0,"0,000",27,0,"0,000"
Thiago,Puszcza,Pomocnik,46,2,"0,043",7,0,"0,000"
Hubert Tomalski,Puszcza,Pomocnik,21,0,"0,000",21,0,"0,000"
Michał Walski,Puszcza,Pomocnik,45,2,"0,044",23,2,"0,087"
Kamil Zapolnik,Puszcza,Pomocnik,82,8,"0,098",29,5,"0,172"
Maciej Firlej,Puszcza,Napastnik,9,0,"0,000",6,0,"0,000"
Rok Kidric,Puszcza,Napastnik,5,1,"0,200",5,1,"0,200"
Jordan Majchrzak,Puszcza,Napastnik,19,1,"0,053",19,1,"0,053"
Artur Siemaszko,Puszcza,Napastnik,31,5,"0,161",28,5,"0,179"
Gabriel Kobylak,Radomiak,Bramkarz,40,1,"0,025",40,1,"0,025"
Filip Majchrowicz,Radomiak,Bramkarz,44,0,"0,000",44,0,"0,000"
Dawid Abramowicz,Radomiak,Obrońca,111,10,"0,090",99,10,"0,101"
Mike Cestor,Radomiak,Obrońca,28,0,"0,000",28,0,"0,000"
Mateusz Cichocki,Radomiak,Obrońca,128,1,"0,008",75,1,"0,013"
Jan Grzesik,Radomiak,Obrońca,151,12,"0,079",30,1,"0,033"
Damian Jakubik,Radomiak,Obrońca,64,0,"0,000",57,0,"0,000"
Raphael Rossi,Radomiak,Obrońca,92,5,"0,054",92,5,"0,054"
Luka Vusković,Radomiak,Obrońca,14,3,"0,214",14,3,"0,214"
Roberto Alves,Radomiak,Pomocnik,39,3,"0,077",39,3,"0,077"
Vagner Dias,Radomiak,Pomocnik,12,2,"0,167",12,2,"0,167"
Christos Donis,Radomiak,Pomocnik,43,1,"0,023",43,1,"0,023"
Bruno Jordao,Radomiak,Pomocnik,13,0,"0,000",13,0,"0,000"
Michał Kaput,Radomiak,Pomocnik,68,0,"0,000",41,0,"0,000"
Luizao,Radomiak,Pomocnik,47,0,"0,000",47,0,"0,000"
Luis Machado,Radomiak,Pomocnik,81,6,"0,074",81,6,"0,074"
Tiago Matos,Radomiak,Pomocnik,25,1,"0,040",25,1,"0,040"
Krystian Okoniewski,Radomiak,Pomocnik,17,0,"0,000",17,0,"0,000"
Joao Peglow,Radomiak,Pomocnik,8,0,"0,000",8,0,"0,000"
Daniel Pik,Radomiak,Pomocnik,49,0,"0,000",29,0,"0,000"
Francisco Ramos,Radomiak,Pomocnik,9,0,"0,000",9,0,"0,000"
Leandro Rossi,Radomiak,Pomocnik,68,4,"0,059",68,4,"0,059"
Lisandro Semedo,Radomiak,Pomocnik,63,7,"0,111",63,7,"0,111"
Jakub Snopczyński,Radomiak,Pomocnik,3,0,"0,000",3,0,"0,000"
Rafał Wolski,Radomiak,Pomocnik,204,31,"0,152",32,2,"0,063"
Guilherme Zimovski,Radomiak,Pomocnik,5,1,"0,200",5,1,"0,200"
Jardel,Radomiak,Napastnik,9,2,"0,222",9,2,"0,222"
Leonardo Rocha,Radomiak,Napastnik,39,10,"0,256",39,10,"0,256"
Kacper Bieszczad,Raków,Bramkarz,29,0,"0,000",2,0,"0,000"
Vladan Kovacević,Raków,Bramkarz,84,0,"0,000",84,0,"0,000"
Dusan Kuciak,Raków,Bramkarz,328,0,"0,000",1,0,"0,000"
Muhamed Sahinović,Raków,Bramkarz,1,0,"0,000",1,0,"0,000"
Zoran Arsenić,Raków,Obrońca,164,5,"0,030",77,2,"0,026"
Adrian Gryszkiewicz,Raków,Obrońca,81,1,"0,012",0,0,-
Adnan Kovacević,Raków,Obrońca,109,7,"0,064",15,0,"0,000"
Oskar Krzyżak,Raków,Obrońca,5,0,"0,000",3,0,"0,000"
Erick Otieno,Raków,Obrońca,11,0,"0,000",11,0,"0,000"
Kamil Pestka,Raków,Obrońca,90,5,"0,056",6,0,"0,000"
Bogdan Racovitan,Raków,Obrońca,49,4,"0,082",49,4,"0,082"
Matej Rodin,Raków,Obrońca,74,3,"0,041",5,0,"0,000"
Milan Rundić,Raków,Obrońca,68,2,"0,029",47,1,"0,021"
Stratos Svarnas,Raków,Obrońca,50,4,"0,080",50,4,"0,080"
Fran Tudor,Raków,Obrońca,134,6,"0,045",134,6,"0,045"
Peter Barath,Raków,Pomocnik,10,0,"0,000",10,0,"0,000"
Gustav Berggren,Raków,Pomocnik,51,3,"0,059",51,3,"0,059"
Jean Carlos Silva,Raków,Pomocnik,132,11,"0,083",44,5,"0,114"
Marcin Cebula,Raków,Pomocnik,214,17,"0,079",70,11,"0,157"
Dawid Drachal,Raków,Pomocnik,42,4,"0,095",26,3,"0,115"
Władysław Koczerhin,Raków,Pomocnik,68,13,"0,191",68,13,"0,191"
Ben Lederman,Raków,Pomocnik,88,1,"0,011",88,1,"0,011"
Ivi Lopez,Raków,Pomocnik,89,38,"0,427",89,38,"0,427"
Patryk Malamis,Raków,Pomocnik,1,0,"0,000",1,0,"0,000"
Kacper Masiak,Raków,Pomocnik,1,0,"0,000",0,0,-
Jakub Myszor,Raków,Pomocnik,58,5,"0,086",3,0,"0,000"
Bartosz Nowak,Raków,Pomocnik,144,32,"0,222",62,18,"0,290"
Giannis Papanikolaou,Raków,Pomocnik,81,7,"0,086",81,7,"0,086"
Srdan Plavsić,Raków,Pomocnik,17,1,"0,059",17,1,"0,059"
Ante Crnac,Raków,Napastnik,26,8,"0,308",26,8,"0,308"
John Yeboah,Raków,Napastnik,62,13,"0,210",30,3,"0,100"
Łukasz Zwoliński,Raków,Napastnik,243,63,"0,259",25,5,"0,200"
Jakub Bielecki,Ruch,Bramkarz,4,0,"0,000",4,0,"0,000"
Michał Buchalik,Ruch,Bramkarz,163,0,"0,000",35,0,"0,000"
Dante Stipica,Ruch,Bramkarz,147,0,"0,000",14,0,"0,000"
Mateusz Bartolewski,Ruch,Obrońca,74,4,"0,054",27,2,"0,074"
Josema,Ruch,Obrońca,15,1,"0,067",15,1,"0,067"
Kacper Michalski,Ruch,Obrońca,36,1,"0,028",20,1,"0,050"
Maciej Sadlok,Ruch,Obrońca,364,8,"0,022",111,1,"0,009"
Patryk Stępiński,Ruch,Obrońca,133,1,"0,008",13,0,"0,000"
Przemysław Szur,Ruch,Obrońca,20,1,"0,050",20,1,"0,050"
Szymon Szymański,Ruch,Obrońca,31,0,"0,000",31,0,"0,000"
Remigiusz Szywacz,Ruch,Obrońca,5,0,"0,000",5,0,"0,000"
Tomasz Wójtowicz,Ruch,Obrońca,27,2,"0,074",27,2,"0,074"
Robert Dadok,Ruch,Pomocnik,110,8,"0,073",10,1,"0,100"
Wiktor Długosz,Ruch,Pomocnik,56,1,"0,018",11,0,"0,000"
Tomasz Foszmańczyk,Ruch,Pomocnik,56,2,"0,036",15,0,"0,000"
Miłosz Kozak,Ruch,Pomocnik,35,2,"0,057",25,2,"0,080"
Juliusz Letniowski,Ruch,Pomocnik,59,2,"0,034",23,1,"0,043"
Łukasz Moneta,Ruch,Pomocnik,74,4,"0,054",62,4,"0,065"
Jan Sedlak,Ruch,Pomocnik,2,0,"0,000",2,0,"0,000"
Patryk Sikora,Ruch,Pomocnik,19,1,"0,053",19,1,"0,053"
Filip Starzyński,Ruch,Pomocnik,346,72,"0,208",126,21,"0,167"
Adam Vlkanova,Ruch,Pomocnik,12,1,"0,083",12,1,"0,083"
Bartłomiej Barański,Ruch,Napastnik,7,1,"0,143",7,1,"0,143"
Michał Feliks,Ruch,Napastnik,33,6,"0,182",23,5,"0,217"
Mike Huras,Ruch,Napastnik,2,0,"0,000",2,0,"0,000"
Soma Novothny,Ruch,Napastnik,13,4,"0,308",13,4,"0,308"
Artur Pląskowski,Ruch,Napastnik,2,0,"0,000",2,0,"0,000"
Daniel Szczepan,Ruch,Napastnik,46,10,"0,217",31,10,"0,323"
Filip Wilak,Ruch,Napastnik,18,0,"0,000",8,0,"0,000"
Konrad Jałocha,Stal,Bramkarz,33,0,"0,000",1,0,"0,000"
Mateusz Kochalski,Stal,Bramkarz,34,0,"0,000",33,0,"0,000"
Marco Ehmann,Stal,Obrońca,19,0,"0,000",19,0,"0,000"
Bert Esselink,Stal,Obrońca,26,2,"0,077",26,2,"0,077"
Łukasz Gerstenstein,Stal,Obrońca,24,2,"0,083",23,2,"0,087"
Krystian Getinger,Stal,Obrońca,127,7,"0,055",127,7,"0,055"
Alvis Jaunzems,Stal,Obrońca,24,1,"0,042",24,1,"0,042"
Leandro,Stal,Obrońca,139,3,"0,022",20,0,"0,000"
Kamil Pajnowski,Stal,Obrońca,19,0,"0,000",7,0,"0,000"
Maksymilian Pingot,Stal,Obrońca,20,0,"0,000",13,0,"0,000"
Alex Cetnar,Stal,Pomocnik,1,0,"0,000",1,0,"0,000"
Maciej Domański,Stal,Pomocnik,117,14,"0,120",112,14,"0,125"
Ion Gheorghe,Stal,Pomocnik,7,0,"0,000",7,0,"0,000"
Matthew Guillaumier,Stal,Pomocnik,33,2,"0,061",33,2,"0,061"
Koki Hinokio,Stal,Pomocnik,75,5,"0,067",60,5,"0,083"
Mateusz Matras,Stal,Pomocnik,338,21,"0,062",125,7,"0,056"
Rafa Santos,Stal,Pomocnik,13,0,"0,000",13,0,"0,000"
Mateusz Stępień,Stal,Pomocnik,24,0,"0,000",22,0,"0,000"
Igor Strzałek,Stal,Pomocnik,33,1,"0,030",10,0,"0,000"
Piotr Wlazło,Stal,Pomocnik,150,23,"0,153",60,5,"0,083"
Łukasz Wolsztyński,Stal,Pomocnik,91,9,"0,099",12,2,"0,167"
Krzysztof Wołkowicz,Stal,Pomocnik,29,1,"0,034",29,1,"0,034"
Kai Meriluoto,Stal,Napastnik,23,2,"0,087",23,2,"0,087"
Ilja Szkurin,Stal,Napastnik,35,16,"0,457",33,16,"0,485"
Rafał Leszczyński,Śląsk,Bramkarz,56,0,"0,000",53,0,"0,000"
Kacper Trelowski,Śląsk,Bramkarz,14,0,"0,000",1,0,"0,000"
Łukasz Bejger,Śląsk,Obrońca,87,3,"0,034",87,3,"0,034"
Tommaso Guercio,Śląsk,Obrońca,4,0,"0,000",4,0,
Patryk Janasik,Śląsk,Obrońca,85,2,"0,024",85,2,"0,024"
Krzysztof Kurowski,Śląsk,Obrońca,2,0,"0,000",2,0,"0,000"
Martin Konczkowski,Śląsk,Obrońca,319,5,"0,016",45,1,"0,022"
Jehor Macenko,Śląsk,Obrońca,27,3,"0,111",27,3,"0,111"
Aleksander Paluszek,Śląsk,Obrońca,47,4,"0,085",15,1,"0,067"
Aleks Petkow,Śląsk,Obrońca,33,0,"0,000",33,0,"0,000"
Simeon Petrow,Śląsk,Obrońca,12,1,"0,083",12,1,"0,083"
Konrad Poprawa,Śląsk,Obrońca,42,1,"0,024",42,1,"0,024"
Mateusz Stawny,Śląsk,Obrońca,2,0,"0,000",2,0,"0,000"
Burak Ince,Śląsk,Pomocnik,16,2,"0,125",16,2,"0,125"
Jakub Jezierski,Śląsk,Pomocnik,7,0,"0,000",7,0,
Nahuel Leiva,Śląsk,Pomocnik,57,12,"0,211",57,12,"0,211"
Daniel Łukasik,Śląsk,Pomocnik,192,2,"0,010",6,0,"0,000"
Alen Mustafić,Śląsk,Pomocnik,6,0,"0,000",6,0,"0,000"
Patrick Olsen,Śląsk,Pomocnik,68,3,"0,044",68,3,"0,044"
Peter Pokorny,Śląsk,Pomocnik,27,0,"0,000",27,0,"0,000"
Michał Rzuchowski,Śląsk,Pomocnik,65,2,"0,031",39,1,"0,026"
Piotr Samiec-Talar,Śląsk,Pomocnik,70,8,"0,114",70,8,"0,114"
Petr Schwarz,Śląsk,Pomocnik,147,20,"0,136",86,8,"0,093"
Mateusz Żukowski,Śląsk,Pomocnik,74,3,"0,041",27,1,"0,037"
Erik Exposito,Śląsk,Napastnik,152,54,"0,355",152,54,"0,355"
Patryk Klimala,Śląsk,Napastnik,42,8,"0,190",0,0,-
Jakub Lutostański,Śląsk,Napastnik,3,0,"0,000",0,0,-
Patryk Szwedzik,Śląsk,Napastnik,21,1,"0,048",21,1,"0,048"
Jędrzej Grobelny,Warta,Bramkarz,40,0,"0,000",40,0,"0,000"
Adrian Lis,Warta,Bramkarz,89,1,"0,011",89,1,"0,011"
Jakub Bartkowski,Warta,Obrońca,237,7,"0,030",30,0,"0,000"
Filip Borowski,Warta,Obrońca,24,0,"0,000",24,0,"0,000"
Jakub Kiełb,Warta,Obrońca,88,1,"0,011",88,1,"0,011"
Wołodymyr Kostewycz,Warta,Obrońca,100,1,"0,010",0,0,-
Konrad Matuszewski,Warta,Obrońca,85,2,"0,024",85,2,"0,024"
Mohamed Mezghrani,Warta,Obrońca,12,0,"0,000",12,0,"0,000"
Kacper Przybyłko,Warta,Obrońca,3,0,"0,000",3,0,"0,000"
Patryk Rychlik,Warta,Obrońca,1,0,"0,000",1,0,"0,000"
Dimitris Stavropoulos,Warta,Obrońca,56,3,"0,054",56,3,"0,054"
Dawid Szymonowicz,Warta,Obrońca,143,6,"0,042",84,4,"0,048"
Bogdan Tiru,Warta,Obrońca,101,3,"0,030",25,0,"0,000"
Jędrzej Hanuszczak,Warta,Pomocnik,1,0,"0,000",1,0,"0,000"
Michał Kopczyński,Warta,Pomocnik,132,3,"0,023",68,3,"0,044"
Mateusz Kupczak,Warta,Pomocnik,221,10,"0,045",108,8,"0,074"
Miguel Luis,Warta,Pomocnik,76,8,"0,105",75,8,"0,107"
Niilo Maenpaa,Warta,Pomocnik,67,0,"0,000",67,0,"0,000"
Jakub Paszkowski,Warta,Pomocnik,6,0,"0,000",6,0,"0,000"
Tomas Prikryl,Warta,Pomocnik,129,13,"0,101",22,2,"0,091"
Stefan Savić,Warta,Pomocnik,96,10,"0,104",44,5,"0,114"
Kajetan Szmyt,Warta,Pomocnik,76,10,"0,132",76,10,"0,132"
Filip Tonder,Warta,Pomocnik,1,0,"0,000",1,0,"0,000"
Maciej Żurawski,Warta,Pomocnik,112,12,"0,107",75,8,"0,107"
Marton Eppel,Warta,Napastnik,21,2,"0,095",21,2,"0,095"
Dario Vizinger,Warta,Napastnik,29,1,"0,034",29,1,"0,034"
Adam Zrelak,Warta,Napastnik,82,21,"0,256",82,21,"0,256"
Rafał Gikiewicz,Widzew,Bramkarz,57,0,"0,000",14,0,"0,000"
Jan Krzywański,Widzew,Bramkarz,2,0,"0,000",2,0,"0,000"
Juan Ibiza,Widzew,Obrońca,20,1,"0,050",20,1,"0,050"
Lirim Kastrati,Widzew,Obrońca,5,0,"0,000",5,0,"0,000"
Paweł Kwiatkowski,Widzew,Obrońca,1,0,"0,000",1,0,"0,000"
Mato Milos,Widzew,Obrońca,57,1,"0,018",43,1,"0,023"
Fabio Nunes,Widzew,Obrońca,47,2,"0,043",47,2,"0,043"
Luis Silva,Widzew,Obrońca,27,1,"0,037",27,1,"0,037"
Serafin Szota,Widzew,Obrońca,66,1,"0,015",43,0,"0,000"
Paweł Zieliński,Widzew,Obrońca,148,4,"0,027",35,0,"0,000"
Mateusz Żyro,Widzew,Obrońca,122,4,"0,033",61,2,"0,033"
Fran Alvarez,Widzew,Pomocnik,28,6,"0,214",28,6,"0,214"
Andrejs Ciganiks,Widzew,Pomocnik,43,4,"0,093",43,4,"0,093"
Kamil Cybulski,Widzew,Pomocnik,8,0,"0,000",8,0,"0,000"
Ignacy Dawid,Widzew,Pomocnik,6,0,"0,000",6,0,"0,000"
Noah Diliberto,Widzew,Pomocnik,10,1,"0,100",10,1,"0,100"
Marek Hanousek,Widzew,Pomocnik,59,2,"0,034",59,2,"0,034"
Sebastian Kerk,Widzew,Pomocnik,7,0,"0,000",7,0,"0,000"
Antoni Klimek,Widzew,Pomocnik,28,3,"0,107",28,3,"0,107"
Dominik Kun,Widzew,Pomocnik,120,7,"0,058",65,5,"0,077"
Bartłomiej Pawłowski,Widzew,Pomocnik,255,41,"0,161",89,22,"0,247"
Filip Przybułek,Widzew,Pomocnik,4,0,"0,000",4,0,"0,000"
Juljan Shehu,Widzew,Pomocnik,33,0,"0,000",33,0,"0,000"
Dawid Tkacz,Widzew,Pomocnik,22,0,"0,000",20,0,"0,000"
Filip Zawadzki,Widzew,Pomocnik,3,0,"0,000",3,0,"0,000"
Mateusz Kempski,Widzew,Napastnik,1,0,"0,000",1,0,"0,000"
Imad Rondić,Widzew,Napastnik,32,5,"0,156",32,5,"0,156"
Jordi Sanchez,Widzew,Napastnik,60,14,"0,233",60,14,"0,233"
Ernest Terpiłowski,Widzew,Napastnik,53,5,"0,094",42,4,"0,095"
Jasmin Burić,Zagłębie,Bramkarz,168,0,"0,000",11,0,"0,000"
Sokratis Dioudis,Zagłębie,Bramkarz,21,0,"0,000",21,0,"0,000"
Szymon Weirauch,Zagłębie,Bramkarz,8,0,"0,000",8,0,"0,000"
Mateusz Grzybek,Zagłębie,Obrońca,86,5,"0,058",44,1,"0,023"
Bartłomiej Kłudka,Zagłębie,Obrońca,47,1,"0,021",47,1,"0,021"
Bartosz Kopacz,Zagłębie,Obrońca,243,12,"0,049",166,5,"0,030"
Kacper Lepczyński,Zagłębie,Obrońca,4,0,"0,000",4,0,"0,000"
Aleks Ławniczak,Zagłębie,Obrońca,99,5,"0,051",64,4,"0,063"
Luis Mata,Zagłębie,Obrońca,77,0,"0,000",16,0,"0,000"
Michał Nalepa II,Zagłębie,Obrońca,186,12,"0,065",18,0,"0,000"
Damjan Bohar,Zagłębie,Pomocnik,107,29,"0,271",107,29,"0,271"
Serhij Bułeca,Zagłębie,Pomocnik,28,1,"0,036",28,1,"0,036"
Kacper Chodyna,Zagłębie,Pomocnik,123,20,"0,163",123,20,"0,163"
Damian Dąbrowski,Zagłębie,Pomocnik,323,14,"0,043",60,1,"0,017"
Daniel Dudziński,Zagłębie,Pomocnik,8,0,"0,000",8,0,"0,000"
Filip Kocaba,Zagłębie,Pomocnik,6,0,"0,000",6,0,"0,000"
Tomasz Makowski,Zagłębie,Pomocnik,145,5,"0,034",61,3,"0,049"
Marek Mróz,Zagłębie,Pomocnik,26,1,"0,038",26,1,"0,038"
Tomasz Pieńko,Zagłębie,Pomocnik,76,4,"0,053",76,4,"0,053"
Marko Poletanović,Zagłębie,Pomocnik,136,5,"0,037",48,2,"0,042"
Mateusz Wdowiak,Zagłębie,Pomocnik,234,23,"0,098",28,5,"0,179"
Arkadiusz Woźniak,Zagłębie,Pomocnik,195,24,"0,123",195,24,"0,123"
Rafał Adamski,Zagłębie,Napastnik,20,2,"0,100",20,2,"0,100"
Dawid Kurminowski,Zagłębie,Napastnik,44,16,"0,364",44,16,"0,364"
Patryk Kusztal,Zagłębie,Napastnik,8,0,"0,000",8,0,"0,000"
Juan Munoz,Zagłębie,Napastnik,25,4,"0,160",25,4,"0,160"
