ZAWODNIK,KLUB,ŻK,CZK BEZP,CZK,żk faul,czk faul,żk ręka,żk rywal,żk sędzia,żk czas,żk syml,żk ciesz,żk inne,czk ręka,czk rywal,czk inne,czk sędzia
Łukasz Burliga,Jagiellonia,15,0,1,14,0,0,1,0,0,0,0,0,0,0,0,0
Płamen Kraczunow,Sandecja,12,0,1,10,0,1,0,0,1,0,0,0,0,0,0,0
Dominik Furman,Wisła Płock,12,0,2,11,0,0,0,1,0,0,0,0,0,0,0,0
Dani Suarez,Górnik Zabrze,11,0,2,9,0,1,0,0,1,0,0,0,0,0,0,0
Kamil Drygas,Pogoń Szczecin,11,0,0,11,0,0,0,0,0,0,0,0,0,0,0,0
Damian Szymański,Wisła Płock,11,0,0,10,0,0,0,1,0,0,0,0,0,0,0,0
Artem Putiwcew,Bruk-Bet,10,0,0,9,0,0,0,1,0,0,0,0,0,0,0,0
Ołeksij Dytiatjew,Cracovia,10,0,0,9,0,0,1,0,0,0,0,0,0,0,0,0
Jakub Kosecki,Śląsk Wrocław,10,0,0,5,0,0,2,2,1,0,0,0,0,0,0,0
Pol Llonch,Wisła Kraków,10,0,0,9,0,0,1,0,0,0,0,0,0,0,0,0
Dawid Sołdecki,Arka Gdynia,9,0,0,8,0,1,0,0,0,0,0,0,0,0,0,0
Miroslav Covilo,Cracovia,9,0,0,6,0,0,2,1,0,0,0,0,0,0,0,0
Daniel Łukasik,Lechia Gdańsk,9,0,0,9,0,0,0,0,0,0,0,0,0,0,0,0
Aleksandar Sedlar,Piast Gliwice,9,0,0,9,0,0,0,0,0,0,0,0,0,0,0,0
Jakub Piotrowski,Pogoń Szczecin,9,0,0,7,0,0,1,0,1,0,0,0,0,0,0,0
Sito Riera,Śląsk Wrocław,9,0,1,8,0,0,0,0,1,0,0,0,0,0,0,0
Jose Kante,Wisła Płock,9,0,1,7,0,2,0,0,0,0,0,0,0,0,0,0
Sasa Balić,Zagłębie Lubin,9,0,0,8,0,0,1,0,0,0,0,0,0,0,0,0
Adam Marciniak,Arka Gdynia,8,0,0,6,0,0,1,1,0,0,0,0,0,0,0,0
Grzegorz Piesio,Arka Gdynia,8,0,1,7,0,0,1,0,0,0,0,0,0,0,0,0
Michał Marcjanik,Arka Gdynia,8,0,0,6,0,0,0,1,1,0,0,0,0,0,0,0
Michał Nalepa I,Arka Gdynia,8,0,0,6,0,0,2,0,0,0,0,0,0,0,0,0
Rafał Grzelak,Bruk-Bet,8,0,0,8,0,0,0,0,0,0,0,0,0,0,0,0
Adam Wolniewicz,Górnik Zabrze,8,0,1,8,0,0,0,0,0,0,0,0,0,0,0,0
Taras Romanczuk,Jagiellonia,8,0,0,7,0,0,0,1,0,0,0,0,0,0,0,0
Mateusz Możdżeń,Korona Kielce,8,0,0,6,0,1,0,1,0,0,0,0,0,0,0,0
Emir Dilaver,Lech Poznań,8,0,0,4,0,0,4,0,0,0,0,0,0,0,0,0
Michal Papadopulos,Piast Gliwice,8,0,0,7,0,0,0,1,0,0,0,0,0,0,0,0
Michal Piter-Bućko,Sandecja,8,0,0,8,0,0,0,0,0,0,0,0,0,0,0,0
Marcin Robak,Śląsk Wrocław,8,0,0,6,0,0,1,1,0,0,0,0,0,0,0,0
Arkadiusz Głowacki,Wisła Kraków,8,0,1,8,0,0,0,0,0,0,0,0,0,0,0,0
Jakub Tosik,Zagłębie Lubin,8,0,1,8,0,0,0,0,0,0,0,0,0,0,0,0
Mateusz Wieteska,Górnik Zabrze,7,0,0,6,0,0,1,0,0,0,0,0,0,0,0,0
Ivan Runje,Jagiellonia,7,0,0,6,0,1,0,0,0,0,0,0,0,0,0,0
Jakub Żubrowski,Korona Kielce,7,0,1,7,0,0,0,0,0,0,0,0,0,0,0,0
Łukasz Trałka,Lech Poznań,7,0,0,7,0,0,0,0,0,0,0,0,0,0,0,0
Joao Nunes,Lechia Gdańsk,7,0,0,6,0,0,0,0,1,0,0,0,0,0,0,0
Adam Hlousek,Legia Warszawa,7,0,0,5,0,0,0,2,0,0,0,0,0,0,0,0
Inaki Astiz,Legia Warszawa,7,0,0,7,0,0,0,0,0,0,0,0,0,0,0,0
Patryk Dziczek,Piast Gliwice,7,0,0,6,0,0,0,1,0,0,0,0,0,0,0,0
Uros Korun,Piast Gliwice,7,0,0,7,0,0,0,0,0,0,0,0,0,0,0,0
Cornel Rapa,Pogoń Szczecin,7,1,1,5,1,0,0,2,0,0,0,0,0,0,0,0
Patrik Mraz,Sandecja,7,0,0,7,0,0,0,0,0,0,0,0,0,0,0,0
Zoran Arsenić,Wisła Kraków,7,1,1,5,1,1,0,1,0,0,0,0,0,0,0,0
Igor Łasicki,Wisła Płock,7,0,1,7,0,0,0,0,0,0,0,0,0,0,0,0
Adam Matuszczyk,Zagłębie Lubin,7,0,1,7,0,0,0,0,0,0,0,0,0,0,0,0
Lubomir Guldan,Zagłębie Lubin,7,0,0,3,0,1,1,1,1,0,0,0,0,0,0,0
Mateusz Kupczak,Bruk-Bet,6,0,0,6,0,0,0,0,0,0,0,0,0,0,0,0
Vlastimir Jovanović,Bruk-Bet,6,0,0,6,0,0,0,0,0,0,0,0,0,0,0,0
Kamil Pestka,Cracovia,6,0,1,6,0,0,0,0,0,0,0,0,0,0,0,0
Krzysztof Piątek,Cracovia,6,0,0,4,0,0,0,1,1,0,0,0,0,0,0,0
Szymon Matuszek,Górnik Zabrze,6,0,0,6,0,0,0,0,0,0,0,0,0,0,0,0
Szymon Żurkowski,Górnik Zabrze,6,0,0,5,0,0,0,0,1,0,0,0,0,0,0,0
Bartosz Kwiecień,Jagiellonia,6,0,0,5,0,1,0,0,0,0,0,0,0,0,0,0
Adnan Kovacević,Korona Kielce,6,0,0,6,0,0,0,0,0,0,0,0,0,0,0,0
Bartosz Rymaniak,Korona Kielce,6,0,0,4,0,0,2,0,0,0,0,0,0,0,0,0
Maciej Makuszewski,Lech Poznań,6,0,0,3,0,0,2,1,0,0,0,0,0,0,0,0
Grzegorz Wojtkowiak,Lechia Gdańsk,6,0,1,3,0,0,1,2,0,0,0,0,0,0,0,0
Simeon Sławczew,Lechia Gdańsk,6,0,1,6,0,0,0,0,0,0,0,0,0,0,0,0
Sławomir Peszko,Lechia Gdańsk,6,0,0,4,0,0,0,2,0,0,0,0,0,0,0,0
Artur Jędrzejczyk,Legia Warszawa,6,0,0,5,0,0,1,0,0,0,0,0,0,0,0,0
Guilherme,Legia Warszawa,6,0,1,5,0,0,1,0,0,0,0,0,0,0,0,0
Michał Pazdan,Legia Warszawa,6,0,1,6,0,0,0,0,0,0,0,0,0,0,0,0
Lasza Dwali,Pogoń Szczecin,6,0,0,6,0,0,0,0,0,0,0,0,0,0,0,0
Łukasz Zwoliński,Pogoń Szczecin,6,0,1,6,0,0,0,0,0,0,0,0,0,0,0,0
Tomasz Hołota,Pogoń Szczecin,6,0,0,6,0,0,0,0,0,0,0,0,0,0,0,0
Dawid Szufryn,Sandecja,6,0,0,6,0,0,0,0,0,0,0,0,0,0,0,0
Filip Piszczek,Sandecja,6,0,1,5,0,0,0,0,0,1,0,0,0,0,0,0
Grzegorz Baran,Sandecja,6,1,2,5,1,0,0,1,0,0,0,0,0,0,0,0
Maciej Małkowski,Sandecja,6,0,0,2,0,0,1,2,0,1,0,0,0,0,0,0
Tomasz Brzyski,Sandecja,6,0,0,3,0,0,2,1,0,0,0,0,0,0,0,0
Arkadiusz Piech,Śląsk Wrocław,6,0,0,2,0,0,0,3,0,0,0,1,0,0,0,0
Augusto,Śląsk Wrocław,6,1,1,6,1,0,0,0,0,0,0,0,0,0,0,0
Michał Chrapek,Śląsk Wrocław,6,0,0,5,0,0,0,1,0,0,0,0,0,0,0,0
Fran Velez,Wisła Kraków,6,0,0,6,0,0,0,0,0,0,0,0,0,0,0,0
Maciej Sadlok,Wisła Kraków,6,0,0,5,0,0,0,1,0,0,0,0,0,0,0,0
Nico Varela,Wisła Płock,6,0,0,5,0,0,0,0,1,0,0,0,0,0,0,0
Damian Zbozień,Arka Gdynia,5,0,0,5,0,0,0,0,0,0,0,0,0,0,0,0
Patryk Kun,Arka Gdynia,5,0,0,5,0,0,0,0,0,0,0,0,0,0,0,0
Łukasz Piątek,Bruk-Bet,5,0,0,4,0,0,1,0,0,0,0,0,0,0,0,0
Martin Miković,Bruk-Bet,5,1,1,5,0,0,0,0,0,0,0,0,0,0,0,1
Michał Helik,Cracovia,5,0,0,3,0,0,0,0,1,0,1,0,0,0,0,0
Piotr Malarczyk,Cracovia/Korona,5,0,0,4,0,0,0,1,0,0,0,0,0,0,0,0
David Ledecky,Górnik Zabrze,5,0,1,2,0,0,1,1,1,0,0,0,0,0,0,0
Michał Koj,Górnik Zabrze,5,0,0,4,0,0,0,1,0,0,0,0,0,0,0,0
Arvydas Novikovas,Jagiellonia,5,0,0,1,0,0,1,1,1,1,0,0,0,0,0,0
Piotr Wlazło,Jagiellonia,5,0,0,4,0,0,0,1,0,0,0,0,0,0,0,0
Elhadji Pape Diaw,Korona Kielce,5,0,1,5,0,0,0,0,0,0,0,0,0,0,0,0
Ivan Jukić,Korona Kielce,5,0,0,4,0,0,0,0,1,0,0,0,0,0,0,0
Michael Gardawski,Korona Kielce,5,0,1,4,0,0,1,0,0,0,0,0,0,0,0,0
Darko Jevtić,Lech Poznań,5,0,0,4,0,0,1,0,0,0,0,0,0,0,0,0
Mario Situm,Lech Poznań,5,0,0,3,0,0,0,2,0,0,0,0,0,0,0,0
Mihai Radut,Lech Poznań,5,0,1,4,0,0,0,0,1,0,0,0,0,0,0,0
Radosław Majewski,Lech Poznań,5,0,0,5,0,0,0,0,0,0,0,0,0,0,0,0
Rafał Janicki,Lech Poznań,5,0,1,3,0,0,1,0,1,0,0,0,0,0,0,0
Robert Gumny,Lech Poznań,5,0,0,5,0,0,0,0,0,0,0,0,0,0,0,0
Adam Chrzanowski,Lechia Gdańsk,5,0,0,5,0,0,0,0,0,0,0,0,0,0,0,0
Paweł Stolarski,Lechia Gdańsk,5,0,0,1,0,1,1,2,0,0,0,0,0,0,0,0
Steven Vitoria,Lechia Gdańsk,5,0,0,5,0,0,0,0,0,0,0,0,0,0,0,0
Maciej Dąbrowski,Legia Warszawa,5,0,0,4,0,0,0,1,0,0,0,0,0,0,0,0
Jakub Czerwiński,Piast Gliwice,5,0,0,5,0,0,0,0,0,0,0,0,0,0,0,0
Adam Frączczak,Pogoń Szczecin,5,0,0,3,0,0,0,1,1,0,0,0,0,0,0,0
Jarosław Fojut,Pogoń Szczecin,5,0,0,4,0,0,1,0,0,0,0,0,0,0,0,0
Ricardo Nunes,Pogoń Szczecin,5,0,0,3,0,1,0,1,0,0,0,0,0,0,0,0
Aleksandyr Kolew,Sandecja,5,0,0,2,0,0,0,2,0,0,1,0,0,0,0,0
Alexandru Benga,Sandecja,5,0,0,5,0,0,0,0,0,0,0,0,0,0,0,0
Mariusz Pawelec,Śląsk Wrocław,5,0,0,5,0,0,0,0,0,0,0,0,0,0,0,0
Kamil Wojtkowski,Wisła Kraków,5,0,0,4,0,0,1,0,0,0,0,0,0,0,0,0
Alan Uryga,Wisła Płock,5,0,0,2,0,0,1,1,1,0,0,0,0,0,0,0
Cezary Stefańczyk,Wisła Płock,5,0,0,4,0,0,0,1,0,0,0,0,0,0,0,0
Giorgi Merebaszwili,Wisła Płock,5,0,0,3,0,1,1,0,0,0,0,0,0,0,0,0
Marcin Warcholak,Arka Gdynia,4,0,0,4,0,0,0,0,0,0,0,0,0,0,0,0
Marcus Vinicius,Arka Gdynia,4,1,1,2,1,0,1,1,0,0,0,0,0,0,0,0
Mateusz Szwoch,Arka Gdynia,4,0,0,4,0,0,0,0,0,0,0,0,0,0,0,0
Rafał Siemaszko,Arka Gdynia,4,0,0,2,0,0,1,0,0,0,0,1,0,0,0,0
Tadeusz Socha,Arka Gdynia,4,0,0,3,0,0,0,1,0,0,0,0,0,0,0,0
Bartosz Szeliga,Bruk-Bet,4,0,0,2,0,0,0,1,1,0,0,0,0,0,0,0
Kamil Słaby,Bruk-Bet,4,0,1,4,0,0,0,0,0,0,0,0,0,0,0,0
Matic Fink,Cracovia,4,0,0,4,0,0,0,0,0,0,0,0,0,0,0,0
Sergei Zenjov,Cracovia,4,0,0,3,0,0,0,1,0,0,0,0,0,0,0,0
Adrian Gryszkiewicz,Górnik Zabrze,4,0,0,3,0,1,0,0,0,0,0,0,0,0,0,0
Igor Angulo,Górnik Zabrze,4,0,0,2,0,1,0,0,1,0,0,0,0,0,0,0
Maciej Ambrosiewicz,Górnik Zabrze,4,0,1,3,0,0,0,1,0,0,0,0,0,0,0,0
Rafał Kurzawa,Górnik Zabrze,4,0,0,3,0,0,0,1,0,0,0,0,0,0,0,0
Guilherme Sitya,Jagiellonia,4,0,0,4,0,0,0,0,0,0,0,0,0,0,0,0
Guti,Jagiellonia,4,0,0,3,0,0,0,1,0,0,0,0,0,0,0,0
Roman Bezjak,Jagiellonia,4,0,0,4,0,0,0,0,0,0,0,0,0,0,0,0
Jacek Kiełb,Korona Kielce,4,0,0,2,0,0,1,1,0,0,0,0,0,0,0,0
Nika Kaczarawa,Korona Kielce,4,0,0,3,0,0,0,0,1,0,0,0,0,0,0,0
Oliver Petrak,Korona Kielce,4,0,0,4,0,0,0,0,0,0,0,0,0,0,0,0
Lasse Nielsen,Lech Poznań,4,0,0,3,0,0,1,0,0,0,0,0,0,0,0,0
Błażej Augustyn,Lechia Gdańsk,4,0,0,4,0,0,0,0,0,0,0,0,0,0,0,0
Dusan Kuciak,Lechia Gdańsk,4,0,0,0,0,0,1,2,0,0,0,1,0,0,0,0
Rafał Wolski,Lechia Gdańsk,4,0,0,2,0,0,1,0,0,0,0,1,0,0,0,0
Tomasz Jodłowiec,Legia/Piast,4,0,0,2,0,0,0,2,0,0,0,0,0,0,0,0
Martin Bukata,Piast Gliwice,4,0,0,4,0,0,0,0,0,0,0,0,0,0,0,0
Sasa Zivec,Piast Gliwice,4,0,0,2,0,0,1,0,0,1,0,0,0,0,0,0
Hubert Matynia,Pogoń Szczecin,4,0,0,4,0,0,0,0,0,0,0,0,0,0,0,0
Marcin Listkowski,Pogoń Szczecin,4,0,0,3,0,0,0,1,0,0,0,0,0,0,0,0
Bartłomiej Dudzic,Sandecja,4,0,0,1,0,1,0,2,0,0,0,0,0,0,0,0
Bartłomiej Kasprzak,Sandecja,4,0,1,4,0,0,0,0,0,0,0,0,0,0,0,0
Igors Tarasovs,Śląsk Wrocław,4,1,1,4,1,0,0,0,0,0,0,0,0,0,0,0
Kamil Vacek,Śląsk Wrocław,4,0,0,4,0,0,0,0,0,0,0,0,0,0,0,0
Tim Rieder,Śląsk Wrocław,4,0,0,4,0,0,0,0,0,0,0,0,0,0,0,0
Carlitos,Wisła Kraków,4,0,0,3,0,0,0,1,0,0,0,0,0,0,0,0
Ivan Gonzalez,Wisła Kraków,4,0,0,4,0,0,0,0,0,0,0,0,0,0,0,0
Jakub Bartkowski,Wisła Kraków,4,0,0,3,0,0,1,0,0,0,0,0,0,0,0,0
Nikola Mitrović,Wisła Kraków,4,0,0,2,0,0,0,1,1,0,0,0,0,0,0,0
Rafał Boguski,Wisła Kraków,4,0,0,4,0,0,0,0,0,0,0,0,0,0,0,0
Victor Perez,Wisła Kraków,4,0,1,3,0,1,0,0,0,0,0,0,0,0,0,0
Semir Stilić,Wisła Płock,4,0,0,3,0,0,0,1,0,0,0,0,0,0,0,0
Bartosz Kopacz,Zagłębie Lubin,4,0,0,4,0,0,0,0,0,0,0,0,0,0,0,0
Jakub Mares,Zagłębie Lubin,4,0,0,3,0,0,0,1,0,0,0,0,0,0,0,0
Jarosław Jach,Zagłębie Lubin,4,0,0,3,0,1,0,0,0,0,0,0,0,0,0,0
Ruben Jurado,Arka Gdynia,3,0,1,2,0,0,0,1,0,0,0,0,0,0,0,0
Yannick Kakoko,Arka Gdynia,3,0,0,3,0,0,0,0,0,0,0,0,0,0,0,0
Bartosz Śpiączka,Bruk-Bet,3,0,0,0,0,0,0,2,1,0,0,0,0,0,0,0
Jan Mucha,Bruk-Bet,3,0,0,0,0,0,1,0,2,0,0,0,0,0,0,0
Samuel Stefanik,Bruk-Bet,3,0,0,2,0,0,0,1,0,0,0,0,0,0,0,0
Szymon Pawłowski,Bruk-Bet,3,0,0,2,0,0,0,1,0,0,0,0,0,0,0,0
Vitalijs Maksimenko,Bruk-Bet,3,0,0,2,0,1,0,0,0,0,0,0,0,0,0,0
Diego Ferraresso,Cracovia,3,0,0,3,0,0,0,0,0,0,0,0,0,0,0,0
Javi Hernandez,Cracovia,3,0,0,0,0,0,0,3,0,0,0,0,0,0,0,0
Michal Siplak,Cracovia,3,0,0,2,0,0,0,1,0,0,0,0,0,0,0,0
Milan Dimun,Cracovia,3,0,0,3,0,0,0,0,0,0,0,0,0,0,0,0
Paweł Bochniewicz,Górnik Zabrze,3,0,0,3,0,0,0,0,0,0,0,0,0,0,0,0
Karol Świderski,Jagiellonia,3,0,0,1,0,0,0,1,0,1,0,0,0,0,0,0
Łukasz Sekulski,Jagiellonia,3,0,0,1,0,0,0,2,0,0,0,0,0,0,0,0
Przemysław Frankowski,Jagiellonia,3,0,0,2,0,0,1,0,0,0,0,0,0,0,0,0
Ken Kallaste,Korona Kielce,3,1,1,3,1,0,0,0,0,0,0,0,0,0,0,0
Łukasz Kosakiewicz,Korona Kielce,3,0,0,3,0,0,0,0,0,0,0,0,0,0,0,0
Nabil Aankour,Korona Kielce,3,0,0,2,0,0,0,0,0,0,0,1,0,0,0,0
Radek Dejmek,Korona Kielce,3,0,0,1,0,0,0,2,0,0,0,0,0,0,0,0
Maciej Gajos,Lech Poznań,3,1,1,3,1,0,0,0,0,0,0,0,0,0,0,0
Nikola Vujadinović,Lech Poznań,3,0,0,2,0,0,1,0,0,0,0,0,0,0,0,0
Joao Oliveira,Lechia Gdańsk,3,0,0,3,0,0,0,0,0,0,0,0,0,0,0,0
Michał Nalepa II,Lechia Gdańsk,3,1,1,3,1,0,0,0,0,0,0,0,0,0,0,0
Mateusz Lewandowski,Lechia/Śląsk,3,0,0,3,0,0,0,0,0,0,0,0,0,0,0,0
Cristian Pasquato,Legia Warszawa,3,0,0,1,0,0,1,0,1,0,0,0,0,0,0,0
Krzysztof Mączyński,Legia Warszawa,3,0,0,2,0,0,0,1,0,0,0,0,0,0,0,0
Łukasz Broź,Legia Warszawa,3,0,1,3,0,0,0,0,0,0,0,0,0,0,0,0
Mauricio,Legia Warszawa,3,0,1,3,0,0,0,0,0,0,0,0,0,0,0,0
Thibault Moulin,Legia Warszawa,3,0,0,1,0,0,1,1,0,0,0,0,0,0,0,0
Dariusz Formella,Pogoń Szczecin,3,0,0,1,0,0,0,2,0,0,0,0,0,0,0,0
Dawid Kort,Pogoń Szczecin,3,0,0,3,0,0,0,0,0,0,0,0,0,0,0,0
Sebastian Kowalczyk,Pogoń Szczecin,3,0,0,3,0,0,0,0,0,0,0,0,0,0,0,0
Sebastian Rudol,Pogoń Szczecin,3,0,0,3,0,0,0,0,0,0,0,0,0,0,0,0
Spas Delew,Pogoń Szczecin,3,0,0,2,0,0,0,1,0,0,0,0,0,0,0,0
Lukas Kubań,Sandecja,3,0,0,3,0,0,0,0,0,0,0,0,0,0,0,0
Wojciech Trochim,Sandecja,3,0,0,1,0,0,1,1,0,0,0,0,0,0,0,0
Piotr Celeban,Śląsk Wrocław,3,0,0,3,0,0,0,0,0,0,0,0,0,0,0,0
Robert Pich,Śląsk Wrocław,3,0,0,2,0,1,0,0,0,0,0,0,0,0,0,0
Jesus Imaz,Wisła Kraków,3,0,0,2,0,0,0,1,0,0,0,0,0,0,0,0
Julian Cuesta,Wisła Kraków,3,0,0,0,0,0,1,0,2,0,0,0,0,0,0,0
Marcin Wasilewski,Wisła Kraków,3,0,0,3,0,0,0,0,0,0,0,0,0,0,0,0
Tibor Halilović,Wisła Kraków,3,0,0,2,0,0,1,0,0,0,0,0,0,0,0,0
Tomasz Cywka,Wisła Kraków,3,0,0,3,0,0,0,0,0,0,0,0,0,0,0,0
Adam Dźwigała,Wisła Płock,3,0,0,2,0,0,0,0,1,0,0,0,0,0,0,0
Arkadiusz Reca,Wisła Płock,3,0,0,2,0,0,0,1,0,0,0,0,0,0,0,0
Patryk Stępiński,Wisła Płock,3,0,0,3,0,0,0,0,0,0,0,0,0,0,0,0
Alan Czerwiński,Zagłębie Lubin,3,0,0,3,0,0,0,0,0,0,0,0,0,0,0,0
Aleksandar Todorovski,Zagłębie Lubin,3,0,0,3,0,0,0,0,0,0,0,0,0,0,0,0
Daniel Dziwniel,Zagłębie Lubin,3,0,0,3,0,0,0,0,0,0,0,0,0,0,0,0
Filip Jagiełło,Zagłębie Lubin,3,0,0,2,0,0,0,1,0,0,0,0,0,0,0,0
Filip Starzyński,Zagłębie Lubin,3,0,0,2,0,0,0,0,1,0,0,0,0,0,0,0
Patryk Tuszyński,Zagłębie Lubin,3,0,0,2,0,0,0,1,0,0,0,0,0,0,0,0
Antoni Łukasiewicz,Arka Gdynia,2,0,0,2,0,0,0,0,0,0,0,0,0,0,0,0
Enrique Esqueda,Arka Gdynia,2,0,0,1,0,0,0,0,1,0,0,0,0,0,0,0
Frederik Helstrup,Arka Gdynia,2,0,0,2,0,0,0,0,0,0,0,0,0,0,0,0
Akos Kecskes,Bruk-Bet,2,0,0,2,0,0,0,0,0,0,0,0,0,0,0,0
Gabriel Matei,Bruk-Bet,2,0,0,2,0,0,0,0,0,0,0,0,0,0,0,0
Patrik Misak,Bruk-Bet,2,0,0,2,0,0,0,0,0,0,0,0,0,0,0,0
Vladislavs Gutkovskis,Bruk-Bet,2,0,0,2,0,0,0,0,0,0,0,0,0,0,0,0
Adam Deja,Cracovia,2,0,0,2,0,0,0,0,0,0,0,0,0,0,0,0
Lennard Sowah,Cracovia,2,0,0,1,0,0,1,0,0,0,0,0,0,0,0,0
Mateusz Wdowiak,Cracovia,2,0,0,2,0,0,0,0,0,0,0,0,0,0,0,0
Niko Datković,Cracovia,2,0,0,2,0,0,0,0,0,0,0,0,0,0,0,0
Szymon Drewniak,Cracovia,2,0,0,1,0,0,0,1,0,0,0,0,0,0,0,0
Jakub Wójcicki,Cracovia/Jagiellonia,2,0,0,1,0,0,0,1,0,0,0,0,0,0,0,0
Erik Grendel,Górnik Zabrze,2,0,0,2,0,0,0,0,0,0,0,0,0,0,0,0
Marcin Urynowicz,Górnik Zabrze,2,0,0,1,0,0,0,1,0,0,0,0,0,0,0,0
Cillian Sheridan,Jagiellonia,2,0,0,1,0,0,1,0,0,0,0,0,0,0,0,0
Martin Pospisil,Jagiellonia,2,0,0,2,0,0,0,0,0,0,0,0,0,0,0,0
Rafał Grzyb,Jagiellonia,2,0,0,2,0,0,0,0,0,0,0,0,0,0,0,0
Goran Cvijanović,Korona Kielce,2,0,0,1,0,0,0,1,0,0,0,0,0,0,0,0
Marcin Cebula,Korona Kielce,2,0,0,2,0,0,0,0,0,0,0,0,0,0,0,0
Zlatan Alomerović,Korona Kielce,2,0,0,0,0,0,0,1,1,0,0,0,0,0,0,0
Nicki Bille Nielsen,Lech Poznań,2,0,0,2,0,0,0,0,0,0,0,0,0,0,0,0
Wołodymyr Kostewycz,Lech Poznań,2,0,0,2,0,0,0,0,0,0,0,0,0,0,0,0
Deniss Rakels,Lech/Cracovia,2,0,0,2,0,0,0,0,0,0,0,0,0,0,0,0
Ariel Borysiuk,Lechia Gdańsk,2,0,0,2,0,0,0,0,0,0,0,0,0,0,0,0
Grzegorz Kuświk,Lechia Gdańsk,2,0,0,1,0,0,1,0,0,0,0,0,0,0,0,0
Marco Paixao,Lechia Gdańsk,2,0,0,1,0,0,0,1,0,0,0,0,0,0,0,0
Mateusz Matras,Lechia Gdańsk,2,1,1,2,1,0,0,0,0,0,0,0,0,0,0,0
Patryk Lipski,Lechia Gdańsk,2,0,0,2,0,0,0,0,0,0,0,0,0,0,0,0
Romario Balde,Lechia Gdańsk,2,1,1,1,1,0,0,0,0,0,1,0,0,0,0,0
Chris Philipps,Legia Warszawa,2,0,0,1,0,1,0,0,0,0,0,0,0,0,0,0
Domagoj Antolić,Legia Warszawa,2,1,1,1,1,0,0,1,0,0,0,0,0,0,0,0
Marko Vesović,Legia Warszawa,2,0,1,2,0,0,0,0,0,0,0,0,0,0,0,0
Michał Kucharczyk,Legia Warszawa,2,0,0,1,0,0,0,0,0,1,0,0,0,0,0,0
William Remy,Legia Warszawa,2,0,0,1,0,0,0,1,0,0,0,0,0,0,0,0
Dario Rugasević,Piast Gliwice,2,0,0,1,0,0,0,1,0,0,0,0,0,0,0,0
Joel Valencia,Piast Gliwice,2,0,0,1,0,0,1,0,0,0,0,0,0,0,0,0
Karol Angielski,Piast Gliwice,2,0,0,2,0,0,0,0,0,0,0,0,0,0,0,0
Mateusz Mak,Piast Gliwice,2,0,0,2,0,0,0,0,0,0,0,0,0,0,0,0
Mikkel Kirkeskov,Piast Gliwice,2,0,0,2,0,0,0,0,0,0,0,0,0,0,0,0
Stojan Vranjes,Piast Gliwice,2,0,0,2,0,0,0,0,0,0,0,0,0,0,0,0
David Niepsuj,Pogoń Szczecin,2,0,0,2,0,0,0,0,0,0,0,0,0,0,0,0
Adrian Basta,Sandecja,2,0,0,1,0,0,0,1,0,0,0,0,0,0,0,0
Adrian Danek,Sandecja,2,0,0,1,0,0,1,0,0,0,0,0,0,0,0,0
Jakub Grić,Sandecja,2,0,0,2,0,0,0,0,0,0,0,0,0,0,0,0
Dragoljub Srnić,Śląsk Wrocław,2,0,0,2,0,0,0,0,0,0,0,0,0,0,0,0
Łukasz Madej,Śląsk Wrocław,2,0,0,2,0,0,0,0,0,0,0,0,0,0,0,0
Michał Mak,Śląsk Wrocław,2,0,0,2,0,0,0,0,0,0,0,0,0,0,0,0
Patryk Małecki,Wisła Kraków,2,0,0,1,0,0,0,1,0,0,0,0,0,0,0,0
Paweł Brożek,Wisła Kraków,2,0,0,0,0,0,1,1,0,0,0,0,0,0,0,0
Petar Brlek,Wisła Kraków,2,0,0,2,0,0,0,0,0,0,0,0,0,0,0,0
Vullnet Basha,Wisła Kraków,2,0,0,2,0,0,0,0,0,0,0,0,0,0,0,0
Ze Manuel,Wisła Kraków,2,0,0,1,0,0,0,0,1,0,0,0,0,0,0,0
Bartłomiej Sielewski,Wisła Płock,2,0,0,2,0,0,0,0,0,0,0,0,0,0,0,0
Damian Rasak,Wisła Płock,2,0,0,2,0,0,0,0,0,0,0,0,0,0,0,0
Jakub Łukowski,Wisła Płock,2,0,0,2,0,0,0,0,0,0,0,0,0,0,0,0
Konrad Michalak,Wisła Płock,2,0,0,2,0,0,0,0,0,0,0,0,0,0,0,0
Seweryn Kiełpin,Wisła Płock,2,0,0,1,0,0,0,0,1,0,0,0,0,0,0,0
Thomas Dahne,Wisła Płock,2,0,0,0,0,0,0,0,2,0,0,0,0,0,0,0
Arkadiusz Woźniak,Zagłębie Lubin,2,0,0,1,0,0,0,1,0,0,0,0,0,0,0,0
Jakub Świerczok,Zagłębie Lubin,2,0,0,1,0,0,0,1,0,0,0,0,0,0,0,0
Kamil Mazek,Zagłębie Lubin,2,0,0,2,0,0,0,0,0,0,0,0,0,0,0,0
Achilleas Poungouras,Arka Gdynia,1,0,0,1,0,0,0,0,0,0,0,0,0,0,0,0
Adam Danch,Arka Gdynia,1,0,0,1,0,0,0,0,0,0,0,0,0,0,0,0
Andrij Bohdanow,Arka Gdynia,1,0,0,1,0,0,0,0,0,0,0,0,0,0,0,0
Krzysztof Sobieraj,Arka Gdynia,1,0,0,0,0,0,1,0,0,0,0,0,0,0,0,0
Maciej Jankowski,Arka Gdynia,1,0,0,1,0,0,0,0,0,0,0,0,0,0,0,0
David Guba,Bruk-Bet,1,0,0,1,0,0,0,0,0,0,0,0,0,0,0,0
Dejan Janjatović,Bruk-Bet,1,0,0,1,0,0,0,0,0,0,0,0,0,0,0,0
Gabriel Iancu,Bruk-Bet,1,0,0,1,0,0,0,0,0,0,0,0,0,0,0,0
Jakub Mrozik,Bruk-Bet,1,0,0,1,0,0,0,0,0,0,0,0,0,0,0,0
Joona Toivio,Bruk-Bet,1,0,0,1,0,0,0,0,0,0,0,0,0,0,0,0
Krystian Peda,Bruk-Bet,1,0,0,1,0,0,0,0,0,0,0,0,0,0,0,0
Deleu,Cracovia,1,0,0,0,0,1,0,0,0,0,0,0,0,0,0,0
Grzegorz Sandomierski,Cracovia,1,0,0,0,0,0,0,1,0,0,0,0,0,0,0,0
Jaroslav Mihalik,Cracovia,1,0,0,0,0,0,0,0,0,1,0,0,0,0,0,0
Nicolai Brock-Madsen,Cracovia,1,0,0,1,0,0,0,0,0,0,0,0,0,0,0,0
Radosław Kanach,Cracovia,1,0,0,1,0,0,0,0,0,0,0,0,0,0,0,0
Sylwester Lusiusz,Cracovia,1,0,0,1,0,0,0,0,0,0,0,0,0,0,0,0
Damian Kądzior,Górnik Zabrze,1,0,0,1,0,0,0,0,0,0,0,0,0,0,0,0
Łukasz Wolsztyński,Górnik Zabrze,1,0,0,0,0,0,0,0,0,1,0,0,0,0,0,0
Rafał Wolsztyński,Górnik Zabrze,1,0,0,1,0,0,0,0,0,0,0,0,0,0,0,0
Tomasz Loska,Górnik Zabrze,1,0,0,0,0,0,0,0,0,0,0,1,0,0,0,0
Wojciech Hajda,Górnik Zabrze,1,0,0,1,0,0,0,0,0,0,0,0,0,0,0,0
Bodvar Bodvarsson,Jagiellonia,1,0,0,1,0,0,0,0,0,0,0,0,0,0,0,0
Dejan Lazarević,Jagiellonia,1,0,0,1,0,0,0,0,0,0,0,0,0,0,0,0
Fedor Cernych,Jagiellonia,1,0,0,1,0,0,0,0,0,0,0,0,0,0,0,0
Nemanja Mitrović,Jagiellonia,1,0,0,1,0,0,0,0,0,0,0,0,0,0,0,0
Piotr Tomasik,Jagiellonia/Lech,1,0,0,0,0,0,0,1,0,0,0,0,0,0,0,0
Fabian Burdenski,Korona Kielce,1,0,0,1,0,0,0,0,0,0,0,0,0,0,0,0
Krystian Miś,Korona Kielce,1,0,0,1,0,0,0,0,0,0,0,0,0,0,0,0
Maciej Górski,Korona Kielce,1,0,0,1,0,0,0,0,0,0,0,0,0,0,0,0
Michał Dziubek,Korona Kielce,1,0,0,1,0,0,0,0,0,0,0,0,0,0,0,0
Shawn Barry,Korona Kielce,1,0,0,1,0,0,0,0,0,0,0,0,0,0,0,0
Zlatko Janjić,Korona Kielce,1,0,0,1,0,0,0,0,0,0,0,0,0,0,0,0
Abdul Aziz Tetteh,Lech Poznań,1,1,1,1,1,0,0,0,0,0,0,0,0,0,0,0
Christian Gytkjaer,Lech Poznań,1,0,0,1,0,0,0,0,0,0,0,0,0,0,0,0
Jasmin Burić,Lech Poznań,1,0,0,0,0,0,1,0,0,0,0,0,0,0,0,0
Kamil Jóźwiak,Lech Poznań,1,0,0,1,0,0,0,0,0,0,0,0,0,0,0,0
Matus Putnocky,Lech Poznań,1,0,0,0,0,0,0,0,1,0,0,0,0,0,0,0
Tymoteusz Klupś,Lech Poznań,1,0,0,1,0,0,0,0,0,0,0,0,0,0,0,0
Filip Mladenović,Lechia Gdańsk,1,0,0,1,0,0,0,0,0,0,0,0,0,0,0,0
Flavio Paixao,Lechia Gdańsk,1,0,0,0,0,1,0,0,0,0,0,0,0,0,0,0
Jakub Wawrzyniak,Lechia Gdańsk,1,0,0,1,0,0,0,0,0,0,0,0,0,0,0,0
Rafał Kobryń,Lechia Gdańsk,1,0,0,1,0,0,0,0,0,0,0,0,0,0,0,0
Arkadiusz Malarz,Legia Warszawa,1,0,0,0,0,0,0,1,0,0,0,0,0,0,0,0
Cafu,Legia Warszawa,1,0,0,1,0,0,0,0,0,0,0,0,0,0,0,0
Daniel Chima Chukwu,Legia Warszawa,1,0,0,1,0,0,0,0,0,0,0,0,0,0,0,0
Dominik Nagy,Legia Warszawa,1,0,0,1,0,0,0,0,0,0,0,0,0,0,0,0
Eduardo,Legia Warszawa,1,0,0,1,0,0,0,0,0,0,0,0,0,0,0,0
Hildeberto Pereira,Legia Warszawa,1,0,0,1,0,0,0,0,0,0,0,0,0,0,0,0
Jarosław Niezgoda,Legia Warszawa,1,0,1,1,0,0,0,0,0,0,0,0,0,0,0,0
Kasper Hamalainen,Legia Warszawa,1,0,0,1,0,0,0,0,0,0,0,0,0,0,0,0
Michał Kopczyński,Legia Warszawa,1,0,0,1,0,0,0,0,0,0,0,0,0,0,0,0
Miroslav Radović,Legia Warszawa,1,0,0,1,0,0,0,0,0,0,0,0,0,0,0,0
Gerard Badia,Piast Gliwice,1,0,0,1,0,0,0,0,0,0,0,0,0,0,0,0
Hebert,Piast Gliwice,1,0,0,1,0,0,0,0,0,0,0,0,0,0,0,0
Konstantin Vassiljev,Piast Gliwice,1,0,0,0,0,1,0,0,0,0,0,0,0,0,0,0
Marcin Pietrowski,Piast Gliwice,1,0,0,1,0,0,0,0,0,0,0,0,0,0,0,0
Martin Konczkowski,Piast Gliwice,1,0,0,1,0,0,0,0,0,0,0,0,0,0,0,0
Mateusz Szczepaniak,Piast Gliwice,1,0,0,1,0,0,0,0,0,0,0,0,0,0,0,0
Radosław Murawski,Piast Gliwice,1,0,0,1,0,0,0,0,0,0,0,0,0,0,0,0
Tom Hateley,Piast Gliwice,1,0,0,1,0,0,0,0,0,0,0,0,0,0,0,0
Adam Buksa,Pogoń Szczecin,1,0,0,1,0,0,0,0,0,0,0,0,0,0,0,0
Adam Gyurcso,Pogoń Szczecin,1,0,0,1,0,0,0,0,0,0,0,0,0,0,0,0
Dawid Błanik,Pogoń Szczecin,1,0,0,0,0,0,0,0,1,0,0,0,0,0,0,0
Łukasz Załuska,Pogoń Szczecin,1,0,0,0,0,0,1,0,0,0,0,0,0,0,0,0
Morten Rasmussen,Pogoń Szczecin,1,0,0,1,0,0,0,0,0,0,0,0,0,0,0,0
Rafał Murawski,Pogoń Szczecin,1,0,0,1,0,0,0,0,0,0,0,0,0,0,0,0
Sebastian Walukiewicz,Pogoń Szczecin,1,0,0,1,0,0,0,0,0,0,0,0,0,0,0,0
Damir Sovsić,Sandecja,1,0,0,1,0,0,0,0,0,0,0,0,0,0,0,0
Jakub Bartosz,Sandecja,1,0,0,1,0,0,0,0,0,0,0,0,0,0,0,0
Jonatan Straus,Sandecja,1,0,0,1,0,0,0,0,0,0,0,0,0,0,0,0
Pawło Ksionz,Sandecja,1,0,0,1,0,0,0,0,0,0,0,0,0,0,0,0
Boban Jović,Śląsk Wrocław,1,0,0,1,0,0,0,0,0,0,0,0,0,0,0,0
Dorde Cotra,Śląsk Wrocław,1,0,0,1,0,0,0,0,0,0,0,0,0,0,0,0
Jakub Słowik,Śląsk Wrocław,1,0,0,0,0,0,0,0,1,0,0,0,0,0,0,0
Jakub Wrąbel,Śląsk Wrocław,1,0,0,0,0,0,0,0,1,0,0,0,0,0,0,0
Konrad Poprawa,Śląsk Wrocław,1,0,0,1,0,0,0,0,0,0,0,0,0,0,0,0
Maciej Pałaszewski,Śląsk Wrocław,1,0,0,1,0,0,0,0,0,0,0,0,0,0,0,0
Mateusz Cholewiak,Śląsk Wrocław,1,0,0,1,0,0,0,0,0,0,0,0,0,0,0,0
Sebastian Bergier,Śląsk Wrocław,1,0,0,1,0,0,0,0,0,0,0,0,0,0,0,0
Martin Kostal,Wisła Kraków,1,0,0,1,0,0,0,0,0,0,0,0,0,0,0,0
Matej Palcić,Wisła Kraków,1,0,0,0,0,1,0,0,0,0,0,0,0,0,0,0
Zdenek Ondrasek,Wisła Kraków,1,0,0,0,0,0,0,0,0,0,0,1,0,0,0,0
Damian Byrtek,Wisła Płock,1,0,0,1,0,0,0,0,0,0,0,0,0,0,0,0
Kamil Biliński,Wisła Płock,1,0,0,1,0,0,0,0,0,0,0,0,0,0,0,0
Mikołaj Lebedyński,Wisła Płock,1,0,0,0,0,0,0,0,1,0,0,0,0,0,0,0
Oskar Zawada,Wisła Płock,1,0,0,1,0,0,0,0,0,0,0,0,0,0,0,0
Bartosz Slisz,Zagłębie Lubin,1,0,0,1,0,0,0,0,0,0,0,0,0,0,0,0
Jarosław Kubicki,Zagłębie Lubin,1,0,0,1,0,0,0,0,0,0,0,0,0,0,0,0
Krzysztof Janus,Zagłębie Lubin,1,0,0,1,0,0,0,0,0,0,0,0,0,0,0,0
Łukasz Janoszka,Zagłębie Lubin,1,0,0,1,0,0,0,0,0,0,0,0,0,0,0,0
Martin Polacek,Zagłębie Lubin,1,0,0,0,0,0,0,0,1,0,0,0,0,0,0,0
Piotr Leciejewski,Zagłębie Lubin,1,0,0,1,0,0,0,0,0,0,0,0,0,0,0,0
Rafał Pietrzak,Zagłębie Lubin,1,0,0,1,0,0,0,0,0,0,0,0,0,0,0,0
Roman Gergel,Bruk-Bet,0,1,1,0,0,0,0,0,0,0,0,0,0,0,0,1
Jakub Szmatuła,Piast Gliwice,0,2,2,0,1,0,0,0,0,0,0,0,0,0,0,1
Łukasz Budziłek,Pogoń Szczecin,0,1,1,0,1,0,0,0,0,0,0,0,0,0,0,0
